coefName,coef
Intercept,-12.698605035246393
height,2.099856947022712
length,0.0017195827649113397
width,1.5315808140104572
volume,-6.049010144806834e-05
